<?xml version="1.0"?>
<ComicInfo xmlns:xsd="http://www.w3.org/2001/XMLSchema" xmlns:xsi="http://www.w3.org/2001/XMLSchema-instance">
  <Series>30 Days of Night</Series>
  <Number>1</Number>
  <Volume>2002</Volume>
  <Summary>It is November 7th, 2001 in Barrow, Alaska. Barrow is a town that sees nothing but light from May to August, and enters a thirty day long night between November 18th and December 17th. The day is a stormy November 17th, and a bizarre crime wave has hit the town.
Sheriff Eben Oleman meets his wife, Stella Oleman on the edge of town. She had discovered a pile of cell phones, stolen in the recent crime wave, smoldering in a pit dug out of the snow and frozen Earth. Eben is eager to get back to town to try to figure things out before the thirty day long darkness hits, but Stella holds him to his promise of watching the sun go down.
At the same time in New Orleans, Louisiana a shadowy woman named Judith and her son Taylor found that they had a visitor. George, a local speed-freak, had been monitoring communications for Judith trying to locate signs of Vampire activity. He brings her a series of communications between a Marlow Roderick and someone who calls himself only V about an event that is to occur in Barrow, Alaska.
After the sun retires Eben gets a call on his radio. There is a disturbance at Ikos diner. A mysterious newcomer with bad hair and even worse teeth is asking the cook for a bowl of raw meat. Eben and Stella confront the man and bring him in for a night in the jail.
Meanwhile, Gus Lambert is at the communication building, the source of television and phone signals in Barrow, discovering vandalized equipment and alarms. A group of pale figures dressed in black and white ask him about the purpose of the building before one of them, Marlow, splits him down the middle with his long fingers.
At the Sheriff's office Eben and Stella have locked up the man they arrested at Iko's. The man taunts them, trying to get Eben riled up. He tells them that they are all going to die before bending the bars of the cell with his bare hands. Eben shoots him first, through the head, and Stella opens fire after to make sure the man is dead. They then go to the communication station to figure out why communication is down.
They find the building burned down, and all of the equipment destroyed. Gus's severed head is impaled on a post in front of the building. Rushing back into town, Eben and Stella stop when they see a light in the distance. They get out of their vehicle and through binoculars see the approach of a group of the un-dead heading their way.</Summary>
  <Notes>Scraped metadata from ComicVine [CVDB98915].</Notes>
  <Year>2002</Year>
  <Month>8</Month>
  <Day>31</Day>
  <Writer>Steve Niles</Writer>
  <Penciller>Ben Templesmith</Penciller>
  <Inker>Ben Templesmith</Inker>
  <Letterer>Robbie Robbins</Letterer>
  <CoverArtist>Ashley Wood</CoverArtist>
  <Publisher>IDW Publishing</Publisher>
  <Web>https://comicvine.gamespot.com/30-days-of-night-1/4000-98915/</Web>
  <PageCount>24</PageCount>
  <Characters>Eben Olemaun, George, Gus Lambert, Judith Ali, Marlow Roderick, Stella Olemaun, Taylor Ali</Characters>
  <Teams>Vampires</Teams>
  <Locations>Alaska, Barrow, Louisiana, New Orleans</Locations>
  <Pages>
    <Page Image="0" ImageWidth="2070" ImageHeight="3150" Type="FrontCover" />
    <Page Image="1" ImageWidth="1990" ImageHeight="3057" />
    <Page Image="2" />
    <Page Image="3" />
    <Page Image="4" />
    <Page Image="5" />
    <Page Image="6" />
    <Page Image="7" />
    <Page Image="8" />
    <Page Image="9" />
    <Page Image="10" />
    <Page Image="11" />
    <Page Image="12" />
    <Page Image="13" />
    <Page Image="14" />
    <Page Image="15" />
    <Page Image="16" />
    <Page Image="17" />
    <Page Image="18" />
    <Page Image="19" />
    <Page Image="20" />
    <Page Image="21" />
    <Page Image="22" />
    <Page Image="23" ImageWidth="2063" ImageHeight="3131" />
  </Pages>
</ComicInfo>